<?xml version="1.0" encoding="UTF-8"?>
<beans xmlns="http://www.springframework.org/schema/beans"
	xmlns:xsi="http://www.w3.org/2001/XMLSchema-instance" xmlns:context="http://www.springframework.org/schema/context"
	xsi:schemaLocation="http://www.springframework.org/schema/beans http://www.springframework.org/schema/beans/spring-beans.xsd
		http://www.springframework.org/schema/context http://www.springframework.org/schema/context/spring-context-4.3.xsd">
	<bean id="sbu" class="com.cg.lab1.third.SBU">
	<property name="sbuCode" value="567"></property>
	<property name="sbuName" value="System Engineering Services"></property>
	<property name="sbuHead" value="Neelam Rao"></property>
	<property name="emplist" >
	<list>
	<bean class="com.cg.lab1.third.Employee">
	<property name="employeeId" value="501"></property>
	<property name="employeeName" value="Ruchi"></property>
	<property name="salary" value="80000"></property>
	</bean>
	<bean class="com.cg.lab1.third.Employee">
	<property name="employeeId" value="502"></property>
	<property name="employeeName" value="Kritika"></property>
	<property name="salary" value="90000"></property>
	</bean>
	</list>
	</property>
	</bean>

</beans>
