<?xml version="1.0" encoding="UTF-8"?>
<beans xmlns="http://www.springframework.org/schema/beans"
	xmlns:xsi="http://www.w3.org/2001/XMLSchema-instance"
	xmlns:context="http://www.springframework.org/schema/context"
	xsi:schemaLocation="http://www.springframework.org/schema/beans http://www.springframework.org/schema/beans/spring-beans.xsd
		http://www.springframework.org/schema/context http://www.springframework.org/schema/context/spring-context-4.3.xsd">
	<bean id="emp" class="com.cg.lab1.fourth.EmployeeDAO">
	<property name="emplist" >
	<list>
	<bean class="com.cg.lab1.fourth.Employee">
	<property name="employeeId" value="601"></property>
	<property name="employeeName" value="Ruchi"></property>
	<property name="salary" value="89000"></property>
	</bean>
	<bean class="com.cg.lab1.fourth.Employee">
	<property name="employeeId" value="602"></property>
	<property name="employeeName" value="Sita"></property>
	<property name="salary" value="68000"></property>
	</bean>
	</list>
	</property>
	</bean>
</beans>
